chunk	block	candidate_pairs	s1_with_candidates	recovered_true_pairs	individual_recall
1	exact_name	14053	1209	1093	0.15645576868021757
1	compact_name	20425	1432	1612	0.23074720870312052
1	core_name	62729	1746	2774	0.39707987403378187
1	exact_address	565	404	468	0.06699112510735757
1	postal	15	5	0	0.0
1	name_AND_address_token	25526	1691	4509	0.6454337245920412
1	V2_CUMULATIVE_UNION	86607	1981	5224	0.7477812768393931
2	exact_name	12924	1229	1081	0.15762613006707496
2	compact_name	18583	1448	1559	0.2273257509477982
2	core_name	61928	1773	2723	0.39705453484981046
2	exact_address	605	438	493	0.07188684747739865
2	postal	6	3	0	0.0
2	name_AND_address_token	23726	1690	4442	0.647710702828813
2	V2_CUMULATIVE_UNION	84168	1985	5170	0.7538641003207932
3	exact_name	13774	1228	1125	0.15874135741498518
3	compact_name	20195	1453	1634	0.23056300268096513
3	core_name	64231	1772	2803	0.3955129109637364
3	exact_address	663	453	506	0.07139833497954
3	postal	10	5	0	0.0
3	name_AND_address_token	23326	1700	4564	0.6439960491039932
3	V2_CUMULATIVE_UNION	86038	1983	5291	0.746578241851277
4	exact_name	13691	1226	1116	0.16020671834625322
4	compact_name	19668	1432	1609	0.23097904105656045
4	core_name	62628	1776	2779	0.3989376973873098
4	exact_address	686	454	540	0.07751937984496124
4	postal	20	7	0	0.0
4	name_AND_address_token	24638	1662	4450	0.6388171116853287
4	V2_CUMULATIVE_UNION	85580	1988	5213	0.7483491243181166
5	exact_name	14753	1237	1165	0.1699489423778264
5	compact_name	21257	1443	1617	0.23588621444201313
5	core_name	70034	1771	2740	0.399708242159008
5	exact_address	624	465	522	0.07614879649890591
5	postal	12	7	2	0.00029175784099197665
5	name_AND_address_token	26351	1686	4414	0.6439095550692925
5	V2_CUMULATIVE_UNION	94889	1990	5181	0.7557986870897155
