chunk	block	candidate_pairs	s1_with_candidates	individual_recovered_true_pairs	individual_recall	cumulative_candidate_pairs	cumulative_s1_with_candidates	cumulative_recovered_true_pairs	cumulative_recall
1	exact_name	14053	1209	1093	0.15645576868021757	14053	1209	1093	0.15645576868021757
1	compact_name	20425	1432	1612	0.23074720870312052	20425	1432	1612	0.23074720870312052
1	core_name	62729	1746	2774	0.39707987403378187	63339	1753	2830	0.40509590609791013
1	exact_address	565	404	468	0.06699112510735757	63778	1790	3172	0.4540509590609791
1	postal	15	5	0	0.0	63793	1791	3172	0.4540509590609791
1	rare_name_token	1158904	1251	3794	0.5430861723446894	1212650	1962	4897	0.7009733753220727
1	rare_address_token	2177346	1823	5559	0.795734325794446	3383462	1996	6532	0.9350128829086745
2	exact_name	12924	1229	1081	0.15762613006707496	12924	1229	1081	0.07808436867957237
2	compact_name	18583	1448	1559	0.2273257509477982	18583	1448	1559	0.1126119618607339
2	core_name	61928	1773	2723	0.39705453484981046	62683	1782	2784	0.20109794856977753
2	exact_address	605	438	493	0.07188684747739865	63142	1822	3131	0.22616295868246172
2	postal	6	3	0	0.0	63148	1822	3131	0.22616295868246172
2	rare_name_token	1208475	1239	3681	0.536745406824147	1263108	1961	4788	0.3458537994799191
2	rare_address_token	2129958	1820	5464	0.7967337416156314	3387154	1993	6397	0.4620774342675527
3	exact_name	13774	1228	1125	0.15874135741498518	13774	1228	1125	0.05374802923892791
3	compact_name	20195	1453	1634	0.23056300268096513	20195	1453	1634	0.0780660264679184
3	core_name	64231	1772	2803	0.3955129109637364	64996	1777	2863	0.13678276240982276
3	exact_address	663	453	506	0.07139833497954	65513	1809	3224	0.15402990779226983
3	postal	10	5	0	0.0	65523	1809	3224	0.15402990779226983
3	rare_name_token	1215251	1269	3797	0.5357697192041767	1268664	1957	4916	0.2348669437676174
3	rare_address_token	2140538	1825	5700	0.8042895442359249	3403283	1995	6607	0.31565620371697484
4	exact_name	13691	1226	1116	0.16020671834625322	13691	1226	1116	0.04000430153779976
4	compact_name	19668	1432	1609	0.23097904105656045	19668	1432	1609	0.05767645266516113
4	core_name	62628	1776	2779	0.3989376973873098	63150	1786	2852	0.10223321504104384
4	exact_address	686	454	540	0.07751937984496124	63680	1830	3236	0.11599813600028677
4	postal	20	7	0	0.0	63700	1831	3236	0.11599813600028677
4	rare_name_token	1212617	1246	3746	0.5377548090726385	1266098	1971	4881	0.17496505000537693
4	rare_address_token	2213115	1818	5632	0.8084984209015217	3472833	1998	6532	0.23414704090045524
5	exact_name	14753	1237	1165	0.1699489423778264	14753	1237	1165	0.033523250460405156
5	compact_name	21257	1443	1617	0.23588621444201313	21257	1443	1617	0.046529696132596686
5	core_name	70034	1771	2740	0.399708242159008	70757	1777	2796	0.08045580110497237
5	exact_address	624	465	522	0.07614879649890591	71238	1821	3175	0.0913616482504604
5	postal	12	7	2	0.00029175784099197665	71248	1821	3175	0.0913616482504604
5	rare_name_token	1116758	1238	3686	0.537709700948213	1177948	1968	4841	0.13930133517495397
5	rare_address_token	2173849	1832	5547	0.8091903719912472	3345820	1996	6420	0.1847375690607735
