source,column,missing_or_empty,missing_pct
train_source1,entity_id,0,0.0
train_source1,business_name,0,0.0
train_source1,business_address,0,0.0
train_source1,country,0,0.0
train_source2,entity_id,0,0.0
train_source2,business_name,0,0.0
train_source2,business_address,168967,3.3561
train_source2,country,0,0.0
train_source3,entity_id,0,0.0
train_source3,business_name,0,0.0
train_source3,business_address,175916,3.3282
train_source3,country,0,0.0
test_source1,entity_id,0,0.0
test_source1,business_name,0,0.0
test_source1,business_address,0,0.0
test_source1,country,0,0.0
test_source2,entity_id,0,0.0
test_source2,business_name,0,0.0
test_source2,business_address,129408,2.6479
test_source2,country,0,0.0
test_source3,entity_id,0,0.0
test_source3,business_name,0,0.0
test_source3,business_address,136098,2.6779
test_source3,country,0,0.0
